22 june-2026 to 29-june-2026,,,,,
Date,Project Name,Description of Work,Target %,Achived %,Status
22 June 2026,Somya HRMS,Developed APIs and prepared modules for Overtime Policies & Rules.,100%,100%,Done
23 June 2026,Somya HRMS,Code testing and project discussions on Overtime implementations.,100%,100%,Done
24 June 2026,Somya HRMS,Performed application testing and issue verification.,100%,100%,Done
25 June 2026,Somya HRMS,"Developed Salary Claims, Shift Policies, Time Rules, and Week Off Policies.",100%,100%,Done
25 June 2026,Somya HRMS,Updated Attendance Settings and handled missing columns in Leave Types.,100%,100%,Done
26 June 2026,Somya HRMS,"Developed Comp Off Rules, Strike Rules, and Maternity Leave Policy APIs.",100%,100%,Done
27 June 2026,Somya HRMS,Developed comprehensive Employee Profiles and related details modules.,100%,100%,Done
28 June 2026,Somya HRMS,Worked on APIs and modules for Employee configurations.,100%,100%,Done
29 June 2026,Somya HRMS,"Code testing, bug fixing and final review of the weekly modules.",100%,100%,Done
